ProductId,ProductCreatorId,ProductPictureName,ProductPictureUrl,ProductName,ProductProducerName
5a80879e-b2c7-4ea9-a2bf-f806438ea729,850545cd-620d-488a-a1cf-81deca0e7b77,,,For Goodness Shakes Recovery Milk Chocolate 475Ml,For Goodness Shakes
67404308-e2cb-4526-89bb-78ed2c77782f,850545cd-620d-488a-a1cf-81deca0e7b78,,,Protein Shake Drink Strawberry 310Ml,Ufit
3b35d882-b468-416d-a083-98d4e0efa86a,850545cd-620d-488a-a1cf-81deca0e7b79,,,Small Bananas 6 Pack,Tesco
77a3d71f-1159-4c39-877c-8f96b78565b0,850545cd-620d-488a-a1cf-81deca0e7b80,,,Salad Tomatoes 6 Pack,Tesco
b0a291ff-04d9-4ba9-aad4-831246a50793,850545cd-620d-488a-a1cf-81deca0e7b81,,,Lemons Each,Tesco
84a520e3-ac14-46f0-98cb-4451e52d2b45,850545cd-620d-488a-a1cf-81deca0e7b82,,,British Large Whole Chicken 1.55-1.95Kg,Tesco
0b3e4ec3-cb73-494e-9af1-c0bcd05873aa,850545cd-620d-488a-a1cf-81deca0e7b83,,,Garlic Each,Tesco
2300ab9b-41bd-4413-94cb-430407571176,64dd10ec-a53f-43b5-b57a-3d19ad5c3a37,,,Organic Longlife Drink Alternative 1 Litre,Oatly
7af04568-98b7-455e-8f85-1992f3c32a3b,64dd10ec-a53f-43b5-b57a-3d19ad5c3a39,,,Tiger Sliced Loaf 800G,Tesco
24964c48-f1d4-41eb-8ab1-7d83948bd333,b4fe96bb-abdd-434c-a82a-cebd9aaa37c1,,,Coca Cola 1.5Ltr,Coca cola
268dba4c-83de-4cca-b6b1-a0f8469ba75a,b4fe96bb-abdd-434c-a82a-cebd9aaa37c2,,,Crusty White Farmhouse Sliced Bread 400G,Tesco
5943d55b-2168-41a3-92bf-5ac96e10d245,b4fe96bb-abdd-434c-a82a-cebd9aaa37c3,,,Gala Apple Minimum 5 Pack,Tesco
297c5269-9a47-4a54-8e02-3c4716c0f1b1,b4fe96bb-abdd-434c-a82a-cebd9aaa37c4,,,Spread 1Kg,Clover
4bd1acbc-4867-48bb-839c-8386cf7422b2,b4fe96bb-abdd-434c-a82a-cebd9aaa37c5,,,Lighter Salted Spreadable 500G,Lurpak
79912428-5de9-48d2-88ce-89c1271f828f,b4fe96bb-abdd-434c-a82a-cebd9aaa37c6,,,Extra Mature Cheddar Cheese 550 G,Cathedral City
7c43f906-6563-43a2-90ea-41073cdc38e9,b4fe96bb-abdd-434c-a82a-cebd9aaa37c7,,,Farmhouse White Bread 800G,Warburtons
65546775-972a-4179-8706-31604213086d,b4fe96bb-abdd-434c-a82a-cebd9aaa37c8,,,Extra Mature Cheddar 550G,Pilgrims Choice
0989810d-15c2-4a07-bff2-da23bc5bbcf7,b4fe96bb-abdd-434c-a82a-cebd9aaa37c9,,,Pepsi Max 8X330ml,Pepsi
4b9bb851-e7dd-4158-9eca-a6a0681d33a1,b4fe96bb-abdd-434c-a82a-cebd9aaa37c10,,,Soft White Medium Bread 800G,Hovis
62652bc1-13e7-4d03-9b55-ac1882d3f190,b4fe96bb-abdd-434c-a82a-cebd9aaa37c11,,,Coke Zero 24X330ml,Coca Cola
5bc4a3a6-733f-4733-b446-c2e8ccbfd84b,78766ed3-2f5e-4956-98f6-97c80881faf4,,,Sweet Peppers 500G,Tesco
848b550e-0a16-4f82-ad46-1b2e39077c9a,78766ed3-2f5e-4956-98f6-97c80881faf5,,,Soft White Thick Bread 800G,Kingsmill
fae5a4b7-d333-4cb7-92c3-4142aab1cbcf,78766ed3-2f5e-4956-98f6-97c80881faf6,,,Small Apple 6 Pack,Rosedene Farms
26d997c2-ffed-4d94-bf64-e7a8e0fe04d3,78766ed3-2f5e-4956-98f6-97c80881faf7,,,Blueberries 250G,Tesco